<?xml version="1.0" encoding="UTF-8" standalone="yes"?>
<addon id="repository.tutorial" name="tutorial repo" version="1.0" provider-name="Al_ien51">
    <extension point="xbmc.addon.repository" name="Tutorial repo">
        <dir>
            <info compressed="false">https://raw.githubusercontent.com/Al-ien51/repository.tutorial/master/zips/addons.xml</info>
            <checksum>https://raw.githubusercontent.com/Al-ien51/repository.tutorial/master/zips/addons.xml.md5</checksum>
            <datadir zip="true">https://raw.githubusercontent.com/Al-ien51/repository.tutorial/master/zips/</datadir>
        </dir>
		<dir>
			<info compressed="false">https://raw.githubusercontent.com/jsergio123/zips/master/addons.xml</info>
			<checksum>https://raw.githubusercontent.com/jsergio123/zips/master/addons.xml.md5</checksum>
			<datadir zip="true">https://raw.githubusercontent.com/jsergio123/zips/master/</datadir>
		</dir>
      	<dir>
            <info compressed="false">https://raw.githubusercontent.com/teamuniversal/scrapers/master/_modules4all/zips/addons.xml</info>
            <checksum>https://raw.githubusercontent.com/teamuniversal/scrapers/master/_modules4all/zips/addons.xml.md5</checksum>
            <datadir zip="true">https://raw.githubusercontent.com/teamuniversal/scrapers/master/_modules4all/zips/</datadir>
        </dir>
		<dir>
			<info compressed="false">https://raw.githubusercontent.com/totalrevolution/python-koding/master/zips/addons.xml</info>
            <checksum>https://raw.githubusercontent.com/totalrevolution/python-koding/master/zips/addons.xml.md5</checksum>
            <datadir zip="true">https://raw.githubusercontent.com/totalrevolution/python-koding/master/zips/</datadir>
		</dir>
	</extension>
	<extension point="xbmc.addon.metadata">
		<summary lang="en">Test repo</summary>
		<description lang="en">Tester</description>
		<genre></genre>
	</extension>
</addon>